https://github.com/alibaba/fastjson,e05e9c5e4be580691cc55a59f3256595393203a1,com.alibaba.json.bvt.parser.DefaultExtJSONParser_parseArray.test_7,.,flaky,4000,3900,0,100
https://github.com/alibaba/fastjson,e05e9c5e4be580691cc55a59f3256595393203a1,com.alibaba.json.bvt.serializer.ConcurrentHashMapTest6.test_concurrentHashmap,.,flaky,4000,3994,0,6
https://github.com/alibaba/fastjson,e05e9c5e4be580691cc55a59f3256595393203a1,com.alibaba.json.bvt.issue_1200.Issue1298.test_for_issue_1,.,flaky,4000,3800,0,200
https://github.com/alibaba/fastjson,e05e9c5e4be580691cc55a59f3256595393203a1,com.alibaba.json.bvt.parser.DefaultExtJSONParser_parseArray.test_8,.,flaky,4000,3900,0,100
https://github.com/alibaba/fastjson,e05e9c5e4be580691cc55a59f3256595393203a1,com.alibaba.json.bvt.serializer.ConcurrentHashMapTest5.test_concurrentHashmap,.,flaky,4000,3997,0,3
https://github.com/alibaba/fastjson,e05e9c5e4be580691cc55a59f3256595393203a1,com.alibaba.json.bvt.issue_1200.Issue1298.test_for_issue,.,flaky,4000,3800,0,200
https://github.com/apache/incubator-dubbo,737f7a7ea67832d7f17517326fb2491d0a086dd7,org.apache.dubbo.remoting.transport.netty.ThreadNameTest.testThreadName,./dubbo-remoting/dubbo-remoting-netty,flaky,4000,3985,0,15
https://github.com/apache/incubator-dubbo,737f7a7ea67832d7f17517326fb2491d0a086dd7,org.apache.dubbo.remoting.transport.netty.ClientReconnectTest.testReconnectWarnLog,./dubbo-remoting/dubbo-remoting-netty,flaky,4000,3997,0,3
https://github.com/apache/incubator-dubbo,737f7a7ea67832d7f17517326fb2491d0a086dd7,org.apache.dubbo.remoting.exchange.support.header.HeartbeatHandlerTest.testHeartbeat,./dubbo-remoting/dubbo-remoting-netty,flaky,4000,3981,0,19
https://github.com/apache/incubator-dubbo,737f7a7ea67832d7f17517326fb2491d0a086dd7,org.apache.dubbo.rpc.protocol.dubbo.telnet.ListTelnetHandlerTest.testListService,./dubbo-rpc/dubbo-rpc-dubbo,flaky,4000,3991,9,0
https://github.com/apache/incubator-dubbo,737f7a7ea67832d7f17517326fb2491d0a086dd7,org.apache.dubbo.rpc.protocol.dubbo.telnet.PortTelnetHandlerTest.testListDetail,./dubbo-rpc/dubbo-rpc-dubbo,flaky,4000,3600,0,400
https://github.com/apache/incubator-dubbo,737f7a7ea67832d7f17517326fb2491d0a086dd7,org.apache.dubbo.rpc.protocol.dubbo.telnet.InvokerTelnetHandlerTest.testInvokeByPassingNullValue,./dubbo-rpc/dubbo-rpc-dubbo,flaky,4000,3998,2,0
https://github.com/apache/incubator-dubbo,737f7a7ea67832d7f17517326fb2491d0a086dd7,org.apache.dubbo.rpc.protocol.dubbo.telnet.InvokerTelnetHandlerTest.testInvokeDefaultSService,./dubbo-rpc/dubbo-rpc-dubbo,flaky,4000,3996,4,0
https://github.com/apache/incubator-dubbo,737f7a7ea67832d7f17517326fb2491d0a086dd7,org.apache.dubbo.rpc.protocol.dubbo.telnet.InvokerTelnetHandlerTest.testInvokeAutoFindMethod,./dubbo-rpc/dubbo-rpc-dubbo,flaky,4000,3997,3,0
https://github.com/apache/incubator-dubbo,737f7a7ea67832d7f17517326fb2491d0a086dd7,org.apache.dubbo.rpc.protocol.dubbo.telnet.ListTelnetHandlerTest.testList,./dubbo-rpc/dubbo-rpc-dubbo,flaky,4000,3997,3,0
https://github.com/apache/incubator-dubbo,737f7a7ea67832d7f17517326fb2491d0a086dd7,org.apache.dubbo.rpc.protocol.dubbo.telnet.ChangeTelnetHandlerTest.testChangePath,./dubbo-rpc/dubbo-rpc-dubbo,flaky,4000,3996,4,0
https://github.com/apache/incubator-dubbo,737f7a7ea67832d7f17517326fb2491d0a086dd7,org.apache.dubbo.rpc.protocol.dubbo.telnet.PortTelnetHandlerTest.testListAllPort,./dubbo-rpc/dubbo-rpc-dubbo,flaky,4000,3600,0,400
https://github.com/apache/incubator-dubbo,737f7a7ea67832d7f17517326fb2491d0a086dd7,org.apache.dubbo.rpc.protocol.dubbo.ExplicitCallbackTest.TestCallbackMultiInstans,./dubbo-rpc/dubbo-rpc-dubbo,flaky,4000,3996,4,0
https://github.com/c2mon/c2mon,d80687b119c713dd177a58cf53a997d8cc5ca264,cern.c2mon.daq.filter.dynamic.DiffMovingAverageTest.testAverage,./c2mon-daq/c2mon-daq-core,flaky,4000,3999,0,1
https://github.com/c2mon/c2mon,d80687b119c713dd177a58cf53a997d8cc5ca264,cern.c2mon.server.common.republisher.RepublisherImplTest.testMultipleExceptions,./c2mon-server/c2mon-server-common,flaky,4000,3984,0,16
https://github.com/c2mon/c2mon,d80687b119c713dd177a58cf53a997d8cc5ca264,cern.c2mon.server.common.republisher.RepublisherImplTest.testMultiplePublicationsWithExceptions,./c2mon-server/c2mon-server-common,flaky,4000,3953,0,47
https://github.com/codingchili/excelastic,6bb7884b1e70f9e588d75bdaf132a84f6e896a7a,com.codingchili.TestWriter.shouldWriteToElasticPort,.,flaky,4000,3545,455,0
https://github.com/davidmoten/rxjava2-extras,d0315b6ecb0d24437ec0d440b6d768e89247d56c,com.github.davidmoten.rx2.buffertofile.FlowableOnBackpressureBufferToFileTest.testCancel,.,flaky,4000,3997,0,3
https://github.com/davidmoten/rxjava2-extras,d0315b6ecb0d24437ec0d440b6d768e89247d56c,com.github.davidmoten.rx2.buffertofile.FlowableOnBackpressureBufferToFileTest.testCancelObservable,.,flaky,4000,3998,0,2
https://github.com/davidmoten/rxjava2-extras,d0315b6ecb0d24437ec0d440b6d768e89247d56c,com.github.davidmoten.rx2.internal.flowable.FlowableServerSocketTest.testLoad,.,flaky,4000,3998,0,2
https://github.com/elasticjob/elastic-job-lite,b022898ef1b8c984e17efb2a422ee45f6b13e46e,io.elasticjob.lite.internal.failover.FailoverServiceTest.assertGetLocalFailoverItemsIfShutdown,./elastic-job-lite-core,flaky,4000,3900,0,100
https://github.com/espertechinc/esper,590fa9c9eb854f1420b9d337b802aca19f963cc0,com.espertech.esper.example.rfidassetzone.TestLRMovingSimMain.testSim,./examples/rfidassetzone,flaky,4000,3882,118,0
https://github.com/feroult/yawp,b3bcf9c958d51b3b3f8fdd0ccc26923d5a531da1,io.yawp.testing.appengine.pipes.flow.FlowDropsTest.testFlowDropsToSameSink,./yawp-testing/yawp-testing-appengine,flaky,4000,3936,26,38
https://github.com/flaxsearch/luwak,c27ec08c803db6ca6be1b6e8017f45667e603161,uk.co.flax.luwak.matchers.TestParallelMatcher.testParallelSlowLog,./luwak,flaky,4000,3990,0,10
https://github.com/flaxsearch/luwak,c27ec08c803db6ca6be1b6e8017f45667e603161,uk.co.flax.luwak.matchers.TestPartitionMatcher.testParallelSlowLog,./luwak,flaky,4000,3970,0,30
https://github.com/fluent/fluent-logger-java,da14ec349bf0904da9865940b57b87563616ee04,org.fluentd.logger.TestFluentLogger.testClose,.,flaky,4000,3927,0,73
https://github.com/fluent/fluent-logger-java,da14ec349bf0904da9865940b57b87563616ee04,org.fluentd.logger.TestFluentLogger.testInMultiThreading,.,flaky,4000,3968,0,32
https://github.com/fluent/fluent-logger-java,da14ec349bf0904da9865940b57b87563616ee04,org.fluentd.logger.TestFluentLogger.testReconnection,.,flaky,4000,3979,0,21
https://github.com/fluent/fluent-logger-java,da14ec349bf0904da9865940b57b87563616ee04,org.fluentd.logger.TestFluentLogger.testNormal02,.,flaky,4000,3989,0,11
https://github.com/fluent/fluent-logger-java,da14ec349bf0904da9865940b57b87563616ee04,org.fluentd.logger.TestFluentLogger.testNormal01,.,flaky,4000,3996,0,4
https://github.com/fluent/fluent-logger-java,da14ec349bf0904da9865940b57b87563616ee04,org.fluentd.logger.TestFluentLogger.testFlushOnClose,.,flaky,4000,3932,0,68
https://github.com/javadelight/delight-nashorn-sandbox,da35edc0a75424bad8cbf60959fae253202154c4,delight.nashornsandbox.TestMemoryLimit.test_no_abuse,.,flaky,4000,3975,0,25
https://github.com/javadelight/delight-nashorn-sandbox,da35edc0a75424bad8cbf60959fae253202154c4,delight.nashornsandbox.TestIssue34.testIssue34_Scenario1,.,flaky,4000,3999,1,0
https://github.com/javadelight/delight-nashorn-sandbox,da35edc0a75424bad8cbf60959fae253202154c4,delight.nashornsandbox.TestGetFunction.test,.,flaky,4000,3972,28,0
https://github.com/kagkarlsson/db-scheduler,4a8a28e60640dcd03e8d3bf212f483d35b0b6310,com.github.kagkarlsson.scheduler.SchedulerClientTest.should_be_able_to_schedule_other_executions_from_an_executionhandler,.,flaky,4000,3996,4,0
https://github.com/kagkarlsson/db-scheduler,4a8a28e60640dcd03e8d3bf212f483d35b0b6310,com.github.kagkarlsson.scheduler.compatibility.HsqlCompatibilityTest.test_compatibility,.,flaky,4003,3990,9,4
https://github.com/kagkarlsson/db-scheduler,4a8a28e60640dcd03e8d3bf212f483d35b0b6310,com.github.kagkarlsson.scheduler.DeadExecutionsTest.scheduler_should_detect_dead_execution_that_never_updated_heartbeat,.,flaky,4000,3994,6,0
https://github.com/kagkarlsson/db-scheduler,4a8a28e60640dcd03e8d3bf212f483d35b0b6310,com.github.kagkarlsson.scheduler.SchedulerClientTest.client_should_be_able_to_fetch_executions_for_task,.,flaky,4000,3996,4,0
https://github.com/kagkarlsson/db-scheduler,4a8a28e60640dcd03e8d3bf212f483d35b0b6310,com.github.kagkarlsson.scheduler.WaiterTest.should_wait_until_woken,.,flaky,4000,3998,0,2
https://github.com/kagkarlsson/db-scheduler,4a8a28e60640dcd03e8d3bf212f483d35b0b6310,com.github.kagkarlsson.scheduler.DeadExecutionsTest.scheduler_should_handle_dead_executions,.,flaky,4000,3994,6,0
https://github.com/kagkarlsson/db-scheduler,4a8a28e60640dcd03e8d3bf212f483d35b0b6310,com.github.kagkarlsson.scheduler.SchedulerClientTest.client_should_be_able_to_schedule_executions,.,flaky,4000,3996,4,0
https://github.com/kagkarlsson/db-scheduler,4a8a28e60640dcd03e8d3bf212f483d35b0b6310,com.github.kagkarlsson.scheduler.compatibility.HsqlCompatibilityTest.test_jdbc_repository_compatibility_with_data,.,flaky,4000,3994,6,0
https://github.com/looly/hutool,91565d052d2771dd26547e79c619ee8c31497e8f,cn.hutool.cron.test.CronTest.matchAllTest,./hutool-cron,flaky,4000,3998,0,2
https://github.com/nationalsecurityagency/timely,3a8cbd3378cffdc96aad1c52e9b0b2e1481ca45f,timely.store.iterators.TimeSeriesGroupingIteratorTest.testTimeSeriesDropOff,./server,flaky,4000,3891,0,109
https://github.com/nationalsecurityagency/timely,3a8cbd3378cffdc96aad1c52e9b0b2e1481ca45f,timely.store.iterators.TimeSeriesGroupingIteratorTest.testManySparseTimeSeries,./server,flaky,4000,3890,0,110
https://github.com/nationalsecurityagency/timely,3a8cbd3378cffdc96aad1c52e9b0b2e1481ca45f,timely.store.iterators.TimeSeriesGroupingIteratorTest.testMultipleTimeSeriesMovingAverage,./server,flaky,4000,3891,0,109
https://github.com/nationalsecurityagency/timely,3a8cbd3378cffdc96aad1c52e9b0b2e1481ca45f,timely.store.iterators.TimeSeriesGroupingIteratorTest.testAdditionalTimeSeries,./server,flaky,4000,3949,0,51
https://github.com/oracle/oci-java-sdk,2e9982f268420efd4010d8dc8370e9d9ade67ec2,com.oracle.bmc.objectstorage.transfer.ProgressTrackerTest.singleUploadProgressTrackerFactory_resetProgressTracker,./bmc-objectstorage/bmc-objectstorage-extensions,flaky,4000,3999,1,0
https://github.com/orbit/orbit,c4904af2f3745fea93871493edd7e09348e77768,cloud.orbit.actors.extensions.test.LengthFieldHandlerTest.randomMessages,./actors/runtime,flaky,4000,3996,0,4
https://github.com/OryxProject/oryx,72ae4bb3cc49d92b77e76d8a30fca8b6549b8865,com.cloudera.oryx.common.io.IOUtilsTest.testDistinctFreePorts,./framework/oryx-common,flaky,4000,3970,0,30
https://github.com/spinn3r/noxy,d53a49421f385c70b5abe7e8cda84ff3a7b59c71,com.spinn3r.noxy.discovery.zookeeper.ZKTest.testBulkClusterJoining,./noxy-discovery-zookeeper,flaky,4000,2040,1960,0
https://github.com/spinn3r/noxy,d53a49421f385c70b5abe7e8cda84ff3a7b59c71,com.spinn3r.noxy.discovery.zookeeper.ZKTest.testMembershipJoinAndLeave,./noxy-discovery-zookeeper,flaky,4000,2000,2000,0
https://github.com/spinn3r/noxy,d53a49421f385c70b5abe7e8cda84ff3a7b59c71,com.spinn3r.noxy.discovery.zookeeper.ZKTest.testDiscoveryListener,./noxy-discovery-zookeeper,flaky,4000,2040,1960,0
https://github.com/square/retrofit,ae28c3d5f6fe54f6ca409cdf82106efb47609f8f,retrofit2.adapter.rxjava.SingleThrowingTest.bodyThrowingInOnSuccessDeliveredToPlugin,./retrofit-adapters/rxjava,flaky,4000,3999,0,1
https://github.com/square/retrofit,ae28c3d5f6fe54f6ca409cdf82106efb47609f8f,retrofit2.adapter.rxjava.CompletableThrowingTest.throwingInOnCompleteDeliveredToPlugin,./retrofit-adapters/rxjava,flaky,4000,3985,2,13
https://github.com/square/retrofit,ae28c3d5f6fe54f6ca409cdf82106efb47609f8f,retrofit2.adapter.rxjava.CompletableThrowingSafeSubscriberTest.throwingInOnCompleteDeliveredToPlugin,./retrofit-adapters/rxjava,flaky,4000,3984,16,0
https://github.com/square/retrofit,ae28c3d5f6fe54f6ca409cdf82106efb47609f8f,retrofit2.adapter.rxjava.SingleThrowingTest.responseThrowingInOnSuccessDeliveredToPlugin,./retrofit-adapters/rxjava,flaky,4000,3979,6,15
https://github.com/square/retrofit,ae28c3d5f6fe54f6ca409cdf82106efb47609f8f,retrofit2.adapter.rxjava.SingleThrowingTest.responseThrowingInOnErrorDeliveredToPlugin,./retrofit-adapters/rxjava,flaky,4000,3999,1,0
https://github.com/square/retrofit,ae28c3d5f6fe54f6ca409cdf82106efb47609f8f,retrofit2.CallTest.cancelRequest,./retrofit,flaky,4000,3995,0,5
https://github.com/TooTallNate/Java-WebSocket,fa3909c391195178ccf5a92d4ac342a30ae247c8,org.java_websocket.issues.Issue256Test.runReconnectScenario4,.,flaky,4000,3938,9,53
https://github.com/TooTallNate/Java-WebSocket,fa3909c391195178ccf5a92d4ac342a30ae247c8,org.java_websocket.issues.Issue256Test.runReconnectBlockingScenario6,.,flaky,4000,3899,12,89
https://github.com/TooTallNate/Java-WebSocket,fa3909c391195178ccf5a92d4ac342a30ae247c8,org.java_websocket.issues.Issue580Test.runNoCloseBlockingTestScenario4,.,flaky,4000,3998,0,2
https://github.com/TooTallNate/Java-WebSocket,fa3909c391195178ccf5a92d4ac342a30ae247c8,org.java_websocket.protocols.ProtoclHandshakeRejectionTest.testHandshakeRejectionTestCase10,.,flaky,4000,3981,0,19
https://github.com/TooTallNate/Java-WebSocket,fa3909c391195178ccf5a92d4ac342a30ae247c8,org.java_websocket.issues.Issue256Test.runReconnectBlockingScenario7,.,flaky,4000,3905,4,91
https://github.com/TooTallNate/Java-WebSocket,fa3909c391195178ccf5a92d4ac342a30ae247c8,org.java_websocket.issues.Issue256Test.runReconnectBlockingScenario8,.,flaky,4000,3915,4,81
https://github.com/TooTallNate/Java-WebSocket,fa3909c391195178ccf5a92d4ac342a30ae247c8,org.java_websocket.issues.Issue256Test.runReconnectBlockingScenario0,.,flaky,4000,3932,9,59
https://github.com/TooTallNate/Java-WebSocket,fa3909c391195178ccf5a92d4ac342a30ae247c8,org.java_websocket.issues.Issue256Test.runReconnectScenario6,.,flaky,4000,3923,15,62
https://github.com/TooTallNate/Java-WebSocket,fa3909c391195178ccf5a92d4ac342a30ae247c8,org.java_websocket.issues.Issue580Test.runNoCloseBlockingTestScenario3,.,flaky,4000,3998,0,2
https://github.com/TooTallNate/Java-WebSocket,fa3909c391195178ccf5a92d4ac342a30ae247c8,org.java_websocket.issues.Issue580Test.runNoCloseBlockingTestScenario6,.,flaky,4000,3999,0,1
https://github.com/TooTallNate/Java-WebSocket,fa3909c391195178ccf5a92d4ac342a30ae247c8,org.java_websocket.issues.Issue256Test.runReconnectBlockingScenario1,.,flaky,4000,3906,13,81
https://github.com/TooTallNate/Java-WebSocket,fa3909c391195178ccf5a92d4ac342a30ae247c8,org.java_websocket.issues.Issue713Test.testIssue,.,flaky,4000,3999,1,0
https://github.com/TooTallNate/Java-WebSocket,fa3909c391195178ccf5a92d4ac342a30ae247c8,org.java_websocket.issues.Issue580Test.runNoCloseBlockingTestScenario0,.,flaky,4000,3999,0,1
https://github.com/TooTallNate/Java-WebSocket,fa3909c391195178ccf5a92d4ac342a30ae247c8,org.java_websocket.issues.Issue256Test.runReconnectScenario5,.,flaky,4000,3937,6,57
https://github.com/TooTallNate/Java-WebSocket,fa3909c391195178ccf5a92d4ac342a30ae247c8,org.java_websocket.issues.Issue256Test.runReconnectBlockingScenario3,.,flaky,4000,3927,4,69
https://github.com/TooTallNate/Java-WebSocket,fa3909c391195178ccf5a92d4ac342a30ae247c8,org.java_websocket.misc.OpeningHandshakeRejectionTest.testHandshakeRejectionTestCase10,.,flaky,4000,3955,0,45
https://github.com/TooTallNate/Java-WebSocket,fa3909c391195178ccf5a92d4ac342a30ae247c8,org.java_websocket.issues.Issue256Test.runReconnectBlockingScenario9,.,flaky,4000,3873,11,116
https://github.com/TooTallNate/Java-WebSocket,fa3909c391195178ccf5a92d4ac342a30ae247c8,org.java_websocket.issues.Issue256Test.runReconnectScenario9,.,flaky,4000,3910,11,79
https://github.com/TooTallNate/Java-WebSocket,fa3909c391195178ccf5a92d4ac342a30ae247c8,org.java_websocket.issues.Issue256Test.runReconnectScenario3,.,flaky,4000,3936,34,30
https://github.com/TooTallNate/Java-WebSocket,fa3909c391195178ccf5a92d4ac342a30ae247c8,org.java_websocket.issues.Issue256Test.runReconnectScenario2,.,flaky,4000,3951,8,41
https://github.com/TooTallNate/Java-WebSocket,fa3909c391195178ccf5a92d4ac342a30ae247c8,org.java_websocket.issues.Issue256Test.runReconnectBlockingScenario2,.,flaky,4000,3943,6,51
https://github.com/TooTallNate/Java-WebSocket,fa3909c391195178ccf5a92d4ac342a30ae247c8,org.java_websocket.issues.Issue677Test.testIssue,.,flaky,4000,3980,0,20
https://github.com/TooTallNate/Java-WebSocket,fa3909c391195178ccf5a92d4ac342a30ae247c8,org.java_websocket.issues.Issue256Test.runReconnectScenario8,.,flaky,4000,3892,22,86
https://github.com/TooTallNate/Java-WebSocket,fa3909c391195178ccf5a92d4ac342a30ae247c8,org.java_websocket.issues.Issue580Test.runNoCloseBlockingTestScenario8,.,flaky,4000,3998,0,2
https://github.com/TooTallNate/Java-WebSocket,fa3909c391195178ccf5a92d4ac342a30ae247c8,org.java_websocket.issues.Issue256Test.runReconnectBlockingScenario5,.,flaky,4000,3935,11,54
https://github.com/TooTallNate/Java-WebSocket,fa3909c391195178ccf5a92d4ac342a30ae247c8,org.java_websocket.issues.Issue256Test.runReconnectScenario7,.,flaky,4000,3924,12,64
https://github.com/TooTallNate/Java-WebSocket,fa3909c391195178ccf5a92d4ac342a30ae247c8,org.java_websocket.issues.Issue256Test.runReconnectScenario0,.,flaky,4000,3798,179,23
https://github.com/TooTallNate/Java-WebSocket,fa3909c391195178ccf5a92d4ac342a30ae247c8,org.java_websocket.issues.Issue256Test.runReconnectBlockingScenario4,.,flaky,4000,3920,6,74
https://github.com/TooTallNate/Java-WebSocket,fa3909c391195178ccf5a92d4ac342a30ae247c8,org.java_websocket.issues.Issue256Test.runReconnectScenario1,.,flaky,4000,3938,33,29
https://github.com/TooTallNate/Java-WebSocket,fa3909c391195178ccf5a92d4ac342a30ae247c8,org.java_websocket.misc.OpeningHandshakeRejectionTest.testHandshakeRejectionTestCase0,.,flaky,4000,3999,0,1
https://github.com/TooTallNate/Java-WebSocket,fa3909c391195178ccf5a92d4ac342a30ae247c8,org.java_websocket.misc.OpeningHandshakeRejectionTest.testHandshakeRejectionTestCase11,.,flaky,4000,3996,0,4
https://github.com/TooTallNate/Java-WebSocket,fa3909c391195178ccf5a92d4ac342a30ae247c8,org.java_websocket.issues.Issue621Test.testIssue,.,flaky,4000,3955,0,45
https://github.com/wro4j/wro4j,185ab607f1d649ca38b4a772831ee754cd4649fb,ro.isdc.wro.extensions.processor.TestRubySassCssProcessor.shouldTestFromFolder,./wro4j-extensions,flaky,4000,3997,3,0
https://github.com/wro4j/wro4j,185ab607f1d649ca38b4a772831ee754cd4649fb,ro.isdc.wro.extensions.processor.support.sass.TestRubySassEngine.shouldProcessValidNonAsciiSass,./wro4j-extensions,flaky,4000,3997,3,0
https://github.com/wro4j/wro4j,185ab607f1d649ca38b4a772831ee754cd4649fb,ro.isdc.wro.extensions.processor.TestBourbonCssProcessor.shouldBeThreadSafe,./wro4j-extensions,flaky,4000,3972,28,0
https://github.com/wro4j/wro4j,185ab607f1d649ca38b4a772831ee754cd4649fb,ro.isdc.wro.extensions.processor.TestRubySassCssProcessor.shouldBeThreadSafe,./wro4j-extensions,flaky,4000,3994,6,0
https://github.com/wro4j/wro4j,185ab607f1d649ca38b4a772831ee754cd4649fb,ro.isdc.wro.extensions.processor.support.sass.TestRubySassEngine.shouldProcessValidCss,./wro4j-extensions,flaky,4000,3997,3,0
https://github.com/wro4j/wro4j,185ab607f1d649ca38b4a772831ee754cd4649fb,ro.isdc.wro.extensions.processor.TestRubySassCssProcessor.shouldSucceedAfterAFailure,./wro4j-extensions,flaky,4000,3997,3,0
https://github.com/wro4j/wro4j,185ab607f1d649ca38b4a772831ee754cd4649fb,ro.isdc.wro.extensions.processor.TestRubySassCssProcessor.executeMultipleTimesDoesntThrowOutOfMemoryException,./wro4j-extensions,flaky,4000,3997,3,0
https://github.com/wro4j/wro4j,185ab607f1d649ca38b4a772831ee754cd4649fb,ro.isdc.wro.extensions.processor.TestRubySassCssProcessor.shouldBeThreadSafeWhenInitializingProcessor,./wro4j-extensions,flaky,4000,3974,26,0
https://github.com/wro4j/wro4j,185ab607f1d649ca38b4a772831ee754cd4649fb,ro.isdc.wro.extensions.processor.support.sass.TestRubySassEngine.shouldProcessValidSass,./wro4j-extensions,flaky,4000,3997,3,0
https://github.com/wso2/carbon-apimgt,a82213e40e7e6aa529341fdd1d1c3de776949e64,org.wso2.carbon.apimgt.throttling.siddhi.extension.ThrottleTimeBatchWindowTestCase.throttleTimeWindowBatchTest2,./analyzer-modules/org.wso2.carbon.apimgt.throttling.siddhi.extension,flaky,4000,3996,0,4
https://github.com/zalando/riptide,8277e11fc069d8e24df0d233ef2577cc75659b75,org.zalando.riptide.failsafe.RetryAfterDelayFunctionTest.shouldRetryWithDynamicDelayDate,./riptide-failsafe,flaky,4000,3566,434,0
